,precision,recall,f1-score,support
Pre-enc Active,0.0,0.0,0.0,20.0
Active Encryption,0.375,0.6666666666666666,0.48,9.0
Post-Encryption,0.7142857142857143,0.9615384615384616,0.819672131147541,26.0
accuracy,0.5636363636363636,0.5636363636363636,0.5636363636363636,0.5636363636363636
macro avg,0.36309523809523814,0.5427350427350427,0.433224043715847,55.0
weighted avg,0.39902597402597406,0.5636363636363636,0.46602682563338305,55.0
