,precision,recall,f1-score,support
Pre-encryption,0.7333333333333333,1.0,0.8461538461538461,11.0
Encryption-active,1.0,0.9069767441860465,0.9512195121951219,43.0
accuracy,0.9259259259259259,0.9259259259259259,0.9259259259259259,0.9259259259259259
macro avg,0.8666666666666667,0.9534883720930232,0.8986866791744841,54.0
weighted avg,0.945679012345679,0.9259259259259259,0.9298172468904176,54.0
