,precision,recall,f1-score,support
Benign (baseline),1.0,1.0,1.0,10.0
Pre-launch,1.0,0.875,0.9333333333333333,8.0
Pre-encryption,0.6666666666666666,1.0,0.8,8.0
Encrypting,0.9090909090909091,0.625,0.7407407407407407,16.0
Post-encryption,0.7857142857142857,0.9166666666666666,0.8461538461538461,12.0
accuracy,0.8518518518518519,0.8518518518518519,0.8518518518518519,0.8518518518518519
macro avg,0.8722943722943723,0.8833333333333334,0.864045584045584,54.0
weighted avg,0.8760622093955427,0.8518518518518519,0.8494882346734199,54.0
