,precision,recall,f1-score,support
Benign/Dormant,0.8571428571428571,1.0,0.9230769230769231,18.0
Pre-enc Active,0.875,0.7777777777777778,0.8235294117647058,9.0
Active Encryption,0.8333333333333334,1.0,0.9090909090909091,5.0
Post-Encryption,0.9473684210526315,0.8181818181818182,0.8780487804878049,22.0
accuracy,0.8888888888888888,0.8888888888888888,0.8888888888888888,0.8888888888888888
macro avg,0.8782111528822055,0.898989898989899,0.8834365061050857,54.0
weighted avg,0.8946730251554813,0.8888888888888888,0.8868458710639486,54.0
