,precision,recall,f1-score,support
Benign/Dormant,1.0,1.0,1.0,18.0
Pre-enc Active,0.8888888888888888,0.8888888888888888,0.8888888888888888,9.0
Active Encryption,0.625,1.0,0.7692307692307693,5.0
Post-Encryption,1.0,0.8636363636363636,0.926829268292683,22.0
accuracy,0.9259259259259259,0.9259259259259259,0.9259259259259259,0.9259259259259259
macro avg,0.8784722222222222,0.9381313131313131,0.8962372316030852,54.0
weighted avg,0.9467592592592593,0.9259259259259259,0.9303036620109791,54.0
