,precision,recall,f1-score,support
Benign (baseline),1.0,1.0,1.0,10.0
Pre-launch,0.8571428571428571,0.75,0.8,8.0
Pre-encryption,0.8888888888888888,1.0,0.9411764705882353,8.0
Encrypting,0.9375,0.9375,0.9375,16.0
Post-encryption,0.9166666666666666,0.9166666666666666,0.9166666666666666,12.0
accuracy,0.9259259259259259,0.9259259259259259,0.9259259259259259,0.9259259259259259
macro avg,0.9200396825396826,0.9208333333333334,0.9190686274509805,54.0
weighted avg,0.9253380364491476,0.9259259259259259,0.9246187363834423,54.0
