,precision,recall,f1-score,support
Pre-launch,0.5625,0.9,0.6923076923076923,10.0
Pre-encryption,0.8888888888888888,0.8,0.8421052631578947,10.0
Encrypting,0.75,0.75,0.75,20.0
Post-encryption,1.0,0.6666666666666666,0.8,15.0
accuracy,0.7636363636363637,0.7636363636363637,0.7636363636363637,0.7636363636363637
macro avg,0.8003472222222222,0.7791666666666667,0.7711032388663968,55.0
weighted avg,0.8093434343434343,0.7636363636363637,0.7698932646301068,55.0
