,precision,recall,f1-score,support
Early (benign/pre-launch/pre-encryption),0.9444444444444444,0.8947368421052632,0.918918918918919,38.0
Late (encrypting/post-encryption),0.7777777777777778,0.875,0.8235294117647058,16.0
accuracy,0.8888888888888888,0.8888888888888888,0.8888888888888888,0.8888888888888888
macro avg,0.8611111111111112,0.8848684210526316,0.8712241653418125,54.0
weighted avg,0.8950617283950616,0.8888888888888888,0.8906553612435965,54.0
