,ldrmodules_not_in_load,ldrmodules_not_in_init,ldrmodules_not_in_mem,ldrmodules_hidden_ratio,ldrmodules_suspicious_path_ratio,ldrmodules_avg_per_process,ldrmodules_max_per_process,vad_rwx_ratio,vad_exec_ratio,vad_priv_exec_ratio,vad_rwx_region_count,vad_private_exec,malfind_count,malfind_mz_regions,malfind_rwx_region_count,malfind_private_exec,malfind_shellcode_regions,pslist_count,pslist_wow64_count,pslist_ransom_procs,pslist_exited_count,pslist_parent_missing_count,hidden_process_count,handle_mutex_count,handle_mutex_ratio,handle_event_count,handle_section_count,handle_token_count,svcscan_security_stopped,svcscan_stopped,svcscan_running,dlllist_unusual_path_ratio,dlllist_crypto_ratio,dlllist_unusual_path_hit_count,cmdline_suspicious_count,cmdline_unusual_dir_ratio,filescan_encrypted,filescan_ransom_notes,priv_total_enabled,netstat_outbound_ratio,netstat_suspicious_port_ratio
Benign,,,,,,,,,,,,,,,,,,,,,,,,,,,,,,,,,,,,,,,,,
Cerber,339.44444444444446,394.44444444444446,339.44444444444446,0.0,0.006255555555555556,33.63,170.66666666666666,0.0010333333333333332,0.3362777777777778,0.0010333333333333332,17.22222222222222,17.22222222222222,5.777777777777778,0.0,5.777777777777778,5.777777777777778,0.0,93.66666666666667,3.0,0.0,2.2222222222222223,5.555555555555555,6.444444444444445,912.6666666666666,0.02285555555555556,10216.555555555555,1235.7777777777778,596.8888888888889,4.111111111111111,432.8888888888889,201.11111111111111,0.0114,0.03256666666666667,53.666666666666664,2.4444444444444446,0.09161111111111112,12.666666666666666,0.0,1054.2222222222222,0.0,0.0
Dharma,41.3,67.3,41.3,0.0,0.00206,15.373,48.6,0.0009999999999999998,0.32923,0.0009999999999999998,17.5,17.5,8.75,0.0,8.75,8.75,0.0,99.9,2.0,1.0,7.1,4.9,2.1,775.4,0.02343,8302.8,1001.2,738.8,3.0,417.44444444444446,216.22222222222223,0.009819999999999999,0.027809999999999994,25.5,0.8,0.03193,1084.2,0.0,1173.2,0.0,0.0
Jigsaw,121.1,173.0,121.1,0.0,0.00667,37.867000000000004,156.2,0.00105,0.3365600000000001,0.00105,17.5,17.5,6.9,0.0,6.9,6.9,0.0,90.7,1.0,0.0,2.2,4.5,7.4,703.4,0.018120000000000004,9935.1,1163.8,652.0,4.0,434.0,200.0,0.011400000000000002,0.03336,54.3,1.0,0.060239999999999995,0.5,0.0,1026.9,0.0,0.0
WannaCry,1235.0,1297.5,1235.0,0.0,0.00627,40.638999999999996,169.5,0.00105,0.33941000000000004,0.00105,17.5,17.5,3.0,0.0,3.0,3.0,0.0,95.5,5.0,0.0,2.0,5.0,5.1,880.0,0.024009999999999997,9446.2,1126.9,513.0,4.0,434.0,200.0,0.012480000000000002,0.03095,34.1,1.0,0.05744999999999999,2.0,0.0,1133.0,0.0,0.0
