,ldrmodules_not_in_load,ldrmodules_not_in_init,ldrmodules_not_in_mem,ldrmodules_suspicious_path_ratio,ldrmodules_avg_per_process,ldrmodules_max_per_process,vad_rwx_ratio,vad_exec_ratio,vad_priv_exec_ratio,vad_rwx_region_count,vad_private_exec,malfind_count,malfind_rwx_region_count,malfind_private_exec,malfind_avg_regions_per_process,pslist_count,pslist_wow64_count,pslist_ransom_procs,pslist_exited_count,pslist_parent_missing_count,hidden_process_count,handle_mutex_count,handle_mutex_ratio,handle_event_count,handle_section_count,handle_token_count,svcscan_security_stopped,svcscan_stopped,svcscan_running,dlllist_unusual_path_ratio,dlllist_crypto_ratio,dlllist_unusual_path_hit_count,cmdline_suspicious_count,cmdline_unusual_dir_ratio,filescan_encrypted,filescan_ransom_notes,priv_total_enabled,netstat_outbound_ratio
Cerber,181.075,225.1,181.075,0.00492,25.36975,132.925,0.0010425,0.3386125,0.0010925,17.625,18.375,7.6,6.85,7.6,2.2447500000000002,96.125,3.225,0.0,2.525,5.35,6.625,874.65,0.021679999999999998,10421.825,1239.25,637.85,4.45945945945946,425.81081081081084,208.05405405405406,0.0124625,0.033077499999999996,60.0,2.45,0.0808175,13.3,0.0,1108.675,0.2441775
Dharma,56.470588235294116,83.76470588235294,56.470588235294116,0.0019372549019607843,17.461960784313725,70.80392156862744,0.000988235294117647,0.3350666666666667,0.0010490196078431374,17.45098039215686,18.50980392156863,9.227272727272727,8.113636363636363,9.227272727272727,4.7038636363636375,104.54901960784314,2.4901960784313726,0.9607843137254902,7.411764705882353,5.0,2.4705882352941178,806.2549019607843,0.02245490196078432,9187.745098039215,1062.3725490196077,731.0588235294117,3.090909090909091,414.8181818181818,219.03030303030303,0.010860784313725488,0.030937254901960785,34.94117647058823,1.411764705882353,0.0411313725490196,855.9607843137255,0.0,1267.2941176470588,0.25
WannaCry,178.4,216.93333333333334,178.4,0.002559999999999999,19.878666666666664,94.33333333333333,0.0012466666666666668,0.3453,0.0013333333333333333,22.266666666666666,23.8,6.0,4.3,6.0,1.7729999999999997,104.93333333333334,4.466666666666667,0.0,2.2,4.6,3.1333333333333333,815.6,0.02163333333333333,9805.866666666667,1079.4,530.2666666666667,4.090909090909091,414.1818181818182,202.36363636363637,0.011753333333333333,0.03234666666666667,35.13333333333333,1.6666666666666667,0.025126666666666672,524.1333333333333,8.666666666666666,1342.4666666666667,0.25808
