,Cerber,Dharma,WannaCry
Cerber,1.0,0.9962975152867899,0.9968541948220729
Dharma,0.9962975152867899,1.0,0.9994434543671001
WannaCry,0.9968541948220729,0.9994434543671001,1.0
