,Benign,Cerber,Dharma,Jigsaw,WannaCry
Benign,0.0,0.0,0.0,0.0,0.0
Cerber,0.0,1.0,0.9925068208415923,0.9999154491457096,0.9971627369194037
Dharma,0.0,0.9925068208415923,1.0,0.9920124988264652,0.9930615476475441
Jigsaw,0.0,0.9999154491457096,0.9920124988264652,1.0,0.996605256533107
WannaCry,0.0,0.9971627369194037,0.9930615476475441,0.996605256533107,1.0
