,precision,recall,f1-score,support
Early (benign/pre-launch/pre-encryption),0.9166666666666666,0.8461538461538461,0.88,26.0
Late (encrypting/post-encryption),0.8666666666666667,0.9285714285714286,0.896551724137931,28.0
accuracy,0.8888888888888888,0.8888888888888888,0.8888888888888888,0.8888888888888888
macro avg,0.8916666666666666,0.8873626373626373,0.8882758620689655,54.0
weighted avg,0.8907407407407406,0.8888888888888888,0.8885823754789273,54.0
