,precision,recall,f1-score,support
Benign (baseline),1.0,1.0,1.0,10.0
Pre-launch,1.0,0.875,0.9333333333333333,8.0
Pre-encryption,0.7777777777777778,0.875,0.8235294117647058,8.0
Encrypting,0.9333333333333333,0.875,0.9032258064516129,16.0
Post-encryption,0.8461538461538461,0.9166666666666666,0.88,12.0
accuracy,0.9074074074074074,0.9074074074074074,0.9074074074074074,0.9074074074074074
macro avg,0.9114529914529914,0.9083333333333334,0.9080177103099304,54.0
weighted avg,0.9131370686926241,0.9074074074074074,0.9086391641483357,54.0
