,precision,recall,f1-score,support
Benign (baseline),1.0,0.9,0.9473684210526315,10.0
Pre-launch,1.0,0.875,0.9333333333333333,8.0
Pre-encryption,0.6666666666666666,1.0,0.8,8.0
Encrypting,0.9090909090909091,0.625,0.7407407407407407,16.0
Post-encryption,0.7333333333333333,0.9166666666666666,0.8148148148148148,12.0
accuracy,0.8333333333333334,0.8333333333333334,0.8333333333333334,0.8333333333333334
macro avg,0.8618181818181817,0.8633333333333333,0.8472514619883041,54.0
weighted avg,0.864421997755331,0.8333333333333334,0.8327774167930114,54.0
