,precision,recall,f1-score,support
Pre-launch (baseline),0.8888888888888888,1.0,0.9411764705882353,8.0
Pre-encryption,1.0,0.75,0.8571428571428571,8.0
Encrypting,0.8888888888888888,1.0,0.9411764705882353,16.0
Post-encryption,1.0,0.9166666666666666,0.9565217391304348,12.0
accuracy,0.9318181818181818,0.9318181818181818,0.9318181818181818,0.9318181818181818
macro avg,0.9444444444444444,0.9166666666666666,0.9240043843624406,44.0
weighted avg,0.9393939393939393,0.9318181818181818,0.9300827050187663,44.0
