,precision,recall,f1-score,support
Benign (baseline),1.0,1.0,1.0,10.0
Pre-launch,0.5,0.5,0.5,2.0
Pre-encryption,0.6666666666666666,1.0,0.8,2.0
Encrypting,0.6,0.75,0.6666666666666666,4.0
Post-encryption,1.0,0.3333333333333333,0.5,3.0
accuracy,0.8095238095238095,0.8095238095238095,0.8095238095238095,0.8095238095238095
macro avg,0.7533333333333333,0.7166666666666667,0.6933333333333332,21.0
weighted avg,0.8444444444444444,0.8095238095238095,0.7984126984126984,21.0
