held_out_family,accuracy,n_test
Cerber,0.9285714285714286,28
Jigsaw,0.7333333333333333,30
WannaCry,0.8333333333333334,30
