,precision,recall,f1-score,support
Benign (baseline),1.0,1.0,1.0,10.0
Pre-launch,1.0,0.875,0.9333333333333333,8.0
Pre-encryption,0.8,1.0,0.8888888888888888,8.0
Encrypting,0.9333333333333333,0.875,0.9032258064516129,16.0
Post-encryption,0.9166666666666666,0.9166666666666666,0.9166666666666666,12.0
accuracy,0.9259259259259259,0.9259259259259259,0.9259259259259259,0.9259259259259259
macro avg,0.93,0.9333333333333333,0.9284229390681004,54.0
weighted avg,0.9320987654320987,0.9259259259259259,0.9264701977963626,54.0
