,precision,recall,f1-score,support
Benign/Dormant,1.0,1.0,1.0,16.0
Pre-enc Active,0.9090909090909091,1.0,0.9523809523809523,20.0
Active Encryption,0.9166666666666666,0.8461538461538461,0.88,13.0
Post-Encryption,1.0,0.967741935483871,0.9836065573770492,31.0
accuracy,0.9625,0.9625,0.9625,0.9625
macro avg,0.9564393939393939,0.9534739454094293,0.9539968774395005,80.0
weighted avg,0.9637310606060605,0.9625,0.9622427790788446,80.0
