,precision,recall,f1-score,support
Benign (baseline),1.0,1.0,1.0,10.0
Pre-launch,0.875,0.875,0.875,8.0
Pre-encryption,0.8,1.0,0.8888888888888888,8.0
Encrypting,1.0,0.875,0.9333333333333333,16.0
Post-encryption,0.9166666666666666,0.9166666666666666,0.9166666666666666,12.0
accuracy,0.9259259259259259,0.9259259259259259,0.9259259259259259,0.9259259259259259
macro avg,0.9183333333333333,0.9333333333333333,0.9227777777777778,54.0
weighted avg,0.9333333333333333,0.9259259259259259,0.9267489711934156,54.0
